{"initial_reset_timestamp": 1603895615.345502, "timestamps": [1603895618.767175, 1603895619.2551181, 1603895620.0186958, 1603895620.503305, 1603895620.900098, 1603895621.084451, 1603895621.4506218, 1603895621.7385678, 1603895622.2353542, 1603895622.609594, 1603895623.8217258, 1603895624.1410291, 1603895624.733122, 1603895624.9978518, 1603895625.3589408, 1603895625.56998, 1603895625.7885308, 1603895626.037513, 1603895626.2573361, 1603895626.874623, 1603895627.1892202, 1603895627.5572538, 1603895627.835977, 1603895628.0393019, 1603895629.171724, 1603895629.770268, 1603895630.0198941, 1603895631.237024, 1603895631.959754, 1603895632.49041, 1603895632.974258, 1603895633.420019, 1603895633.574144, 1603895633.874227, 1603895634.289969, 1603895634.566444, 1603895635.40622, 1603895636.0424068, 1603895636.363575, 1603895637.206721, 1603895637.8758762, 1603895638.158728, 1603895638.5608041, 1603895640.25183, 1603895641.124816, 1603895641.668499, 1603895642.195814, 1603895642.807443, 1603895643.221445, 1603895645.273333, 1603895647.8403058, 1603895648.389538, 1603895650.740266, 1603895652.875794, 1603895655.906014, 1603895659.25793, 1603895661.807668, 1603895664.194467, 1603895666.459679, 1603895669.512595, 1603895672.559732, 1603895675.1108558, 1603895677.293864, 1603895680.478615, 1603895685.9209201, 1603895688.832404, 1603895691.5825899, 1603895694.199213, 1603895697.247295, 1603895699.731748, 1603895702.249551, 1603895705.083174, 1603895707.382646, 1603895709.733706, 1603895712.23026, 1603895715.135333, 1603895718.3525262, 1603895720.662741, 1603895723.342901, 1603895725.75426, 1603895728.386729, 1603895730.8049312, 1603895733.238194, 1603895735.639711, 1603895738.272875, 1603895740.8422148, 1603895744.1923552, 1603895746.676387, 1603895749.795475, 1603895752.611113, 1603895755.428555, 1603895757.961022, 1603895760.497061, 1603895763.0985112, 1603895765.413717, 1603895768.064408, 1603895770.779349, 1603895773.279202, 1603895775.9463391, 1603895778.1803, 1603895780.7974222, 1603895783.497389, 1603895785.731424, 1603895788.0989282, 1603895790.799914, 1603895793.3829498, 1603895796.201925, 1603895799.268141, 1603895802.1728692, 1603895804.994474, 1603895807.762787, 1603895810.494501, 1603895813.252016, 1603895815.987126, 1603895818.570338, 1603895821.0367942, 1603895823.592561, 1603895825.922527, 1603895828.7734451, 1603895831.789242, 1603895834.440405, 1603895837.124457, 1603895839.976197, 1603895842.542461, 1603895844.942102, 1603895850.112971, 1603895852.62681, 1603895855.2302048, 1603895857.813382, 1603895860.654913, 1603895863.329687, 1603895865.834601, 1603895868.330285, 1603895871.6644359, 1603895874.666917, 1603895877.4315221, 1603895880.149323, 1603895882.7157388, 1603895885.435169, 1603895888.135046, 1603895890.586708, 1603895893.435359, 1603895896.434817, 1603895899.502486, 1603895902.621077, 1603895905.2206562, 1603895908.236741, 1603895911.2034109, 1603895913.855652, 1603895916.622603, 1603895919.607243, 1603895922.1897101, 1603895925.1607199, 1603895927.979241, 1603895930.7570949, 1603895933.259851, 1603895936.109998, 1603895939.09335, 1603895941.592813, 1603895944.6447701, 1603895947.4436932, 1603895950.161881, 1603895952.764304, 1603895955.612648, 1603895958.6661801, 1603895961.263592, 1603895964.367508, 1603895967.013862, 1603895969.8336818, 1603895972.86706, 1603895976.082345, 1603895979.4174469, 1603895982.536948, 1603895985.8689, 1603895989.254336, 1603895992.120991, 1603895994.936647, 1603895997.470728, 1603895999.970761, 1603896002.522916, 1603896005.557033, 1603896008.691184, 1603896011.889421, 1603896014.8448808, 1603896018.173986, 1603896021.5113752, 1603896024.8277519, 1603896028.16007, 1603896031.494546, 1603896034.830952, 1603896038.161821, 1603896041.513482, 1603896044.767265, 1603896048.129129, 1603896051.1146681, 1603896054.4492958, 1603896057.784035, 1603896061.117843, 1603896063.498755, 1603896066.8349178, 1603896069.9515772, 1603896073.153155, 1603896076.650988, 1603896079.988661, 1603896082.720403, 1603896086.0545468, 1603896089.38852, 1603896092.7205272, 1603896096.072644, 1603896099.4079602, 1603896102.74107, 1603896106.077343, 1603896109.4183109, 1603896112.742455, 1603896116.077981, 1603896119.411049, 1603896125.8945549, 1603896129.2799292, 1603896132.6155488, 1603896135.946956, 1603896139.281497, 1603896142.665967, 1603896145.998541, 1603896149.332501, 1603896152.6394591, 1603896155.935276, 1603896159.267643, 1603896162.616898, 1603896165.953664, 1603896169.269158, 1603896172.602531, 1603896175.9375749, 1603896179.271101, 1603896182.604332, 1603896185.9396758, 1603896189.273857, 1603896192.4228659, 1603896195.590559, 1603896198.774569, 1603896202.112158, 1603896205.477754, 1603896208.810404, 1603896212.145216, 1603896215.478992, 1603896218.394092, 1603896221.6797261, 1603896225.0479228, 1603896228.381336, 1603896231.7131252, 1603896234.982432, 1603896238.313814, 1603896241.64978, 1603896245.0000188, 1603896247.899953, 1603896250.901071, 1603896254.234375, 1603896257.56796, 1603896260.904327, 1603896264.2383401, 1603896267.570868, 1603896270.90567, 1603896274.24393, 1603896277.572118, 1603896280.825461, 1603896284.058753, 1603896287.391755, 1603896290.727055, 1603896294.058862, 1603896297.3932421, 1603896300.7289238, 1603896304.061284, 1603896307.3955278, 1603896310.6661398, 1603896313.87981, 1603896317.214134, 1603896320.5495958, 1603896323.880872, 1603896327.2149508, 1603896330.5512772, 1603896333.884481, 1603896337.318509, 1603896340.735788, 1603896344.069181, 1603896347.4035861, 1603896350.739649, 1603896354.0710962, 1603896357.403758, 1603896360.73964, 1603896364.071887, 1603896367.429269, 1603896370.772932, 1603896374.107944, 1603896377.444919, 1603896380.775468, 1603896384.111428, 1603896387.444405, 1603896390.7796931, 1603896394.111548, 1603896397.448354, 1603896400.564165, 1603896403.514016, 1603896406.8465931, 1603896410.164052, 1603896413.499346, 1603896416.8304949, 1603896420.165148, 1603896423.499548, 1603896426.833808, 1603896430.16725, 1603896433.503526, 1603896436.8344262, 1603896440.170017, 1603896443.503078, 1603896446.837982, 1603896450.1715, 1603896453.504865, 1603896456.8398762, 1603896460.2236319, 1603896463.357322, 1603896470.020471, 1603896476.7717881, 1603896480.10765, 1603896483.6226869, 1603896486.969953], "episode_lengths": [27, 11, 44, 29, 24, 11, 22, 17, 13, 20, 72, 19, 33, 13, 19, 13, 13, 15, 13, 36, 16, 22, 16, 12, 68, 32, 15, 30, 31, 29, 19, 27, 9, 16, 25, 16, 50, 37, 17, 28, 38, 15, 24, 101, 52, 31, 30, 34, 24, 121, 152, 33, 137, 126, 176, 200, 153, 143, 136, 183, 183, 153, 130, 191, 154, 171, 163, 156, 188, 149, 151, 170, 138, 141, 150, 174, 193, 138, 161, 144, 158, 145, 146, 144, 158, 154, 200, 142, 185, 169, 169, 152, 152, 156, 139, 159, 163, 150, 160, 134, 157, 161, 134, 142, 158, 155, 169, 182, 160, 161, 159, 153, 164, 163, 155, 148, 153, 140, 150, 165, 159, 155, 171, 154, 144, 151, 148, 156, 155, 170, 161, 150, 150, 200, 180, 166, 162, 154, 163, 162, 147, 171, 180, 183, 184, 156, 181, 177, 159, 166, 178, 155, 178, 166, 165, 148, 171, 179, 150, 183, 168, 163, 156, 171, 183, 151, 186, 156, 169, 182, 193, 200, 187, 200, 200, 168, 169, 152, 149, 153, 182, 188, 192, 177, 200, 200, 199, 200, 200, 200, 200, 200, 195, 200, 178, 200, 200, 200, 143, 200, 200, 200, 200, 200, 164, 200, 200, 200, 200, 200, 200, 200, 200, 200, 200, 200, 200, 200, 200, 200, 200, 200, 200, 200, 200, 200, 200, 200, 200, 200, 200, 200, 200, 200, 200, 200, 200, 200, 200, 200, 200, 200, 200, 200, 200, 200, 200, 200, 200, 200, 200, 200, 200, 200, 200, 200, 200, 200, 200, 200, 200, 200, 200, 200, 200, 200, 200, 200, 200, 200, 200, 200, 200, 200, 200, 200, 200, 200, 200, 200, 200, 200, 200, 200, 200, 200, 200, 200, 200, 200, 200, 200, 200, 200, 200, 200, 200, 200, 200, 200, 200, 200, 200, 200, 200, 200, 200, 200, 200, 200, 200, 200, 200, 200, 200, 200, 200, 200, 188, 200, 200, 200, 200, 200],