{"initial_reset_timestamp": 1603889732.01341, "timestamps": [1603889736.463706, 1603889737.147261, 1603889738.26349, 1603889738.66346, 1603889738.896846, 1603889739.130825, 1603889739.7972438, 1603889740.130581, 1603889740.914666, 1603889741.16479, 1603889741.665169, 1603889741.965764, 1603889742.1483781, 1603889742.347531, 1603889742.647329, 1603889743.080433, 1603889743.263988, 1603889743.64727, 1603889744.047877, 1603889744.49799], "episode_lengths": [10, 18, 65, 24, 14, 14, 40, 20, 23, 13, 30, 18, 11, 12, 18, 26, 11, 23, 24, 27], "episode_rewards": [10.0, 18.0, 65.0, 24.0, 14.0, 14.0, 40.0, 20.0, 23.0, 13.0, 30.0, 18.0, 11.0, 12.0, 18.0, 26.0, 11.0, 23.0, 24.0, 27.0], "episode_types": ["t", "t", "t", "t", "t", "t", "t", "t", "t", "t", "t", "t", "t", "t", "t", "t", "t", "t", "t", "t"]}